{
  "avg_fraction": 0.25,
  "avg_start_step": 120001,
  "avg_window_steps": 40000,
  "cells_per_mean_free_path": 1.0,
  "centerline_temperature_rise_K": 1440.6268356403405,
  "conductivity_W_per_mK": 0.01705187716738036,
  "cp_J_per_kgK": 520.6067119155355,
  "density_kg_per_m3": 0.0011152846199247494,
  "dt_max_from_wall_speed_s": 1.0000000000000001e-07,
  "dt_recommended_s": 5.0000000000000004e-08,
  "dx_actual_m": 0.0001,
  "dx_target_m": 0.0001,
  "fnum": 4205447284784.124,
  "gas_constant_J_per_kgK": 208.2426847662142,
  "kinematic_viscosity_m2_per_s": 0.01957877251461179,
  "kn": 0.01,
  "length_m": 0.01,
  "mach": 3.099060971370027,
  "mean_free_path_m": 0.0001,
  "momentum_diffusion_time_s": 0.0051075724959452505,
  "nsteps_recommended": 160000,
  "number_density_per_m3": 1.6821789139136493e+22,
  "peclet": 340.50483306301663,
  "physical_time_s": 0.008,
  "pressure_Pa": 69.674959059479,
  "reynolds": 510.757249594525,
  "sound_speed_m_per_s": 322.678388466143,
  "streamwise_length_m": 0.0001,
  "target_particles_per_cell": 40.0,
  "target_total_sim_particles": 4000.0,
  "temperature_K": 300.0,
  "thermal_diffusion_time_s": 0.003405048330630167,
  "thermal_diffusivity_m2_per_s": 0.029368158771917684,
  "viscosity_Pa_s": 2.183590386255194e-05,
  "wall_speed_m_per_s": 1000.0,
  "xcells": 100,
  "ycells": 1
}