{
  "avg_fraction": 0.5,
  "avg_start_step": 800001,
  "avg_window_steps": 800000,
  "cells_per_mean_free_path": 1.0,
  "centerline_temperature_rise_K": 1440.6268356403405,
  "conductivity_W_per_mK": 0.01705187716738036,
  "cp_J_per_kgK": 520.6067119155355,
  "density_kg_per_m3": 0.011152846199247493,
  "dt_max_from_wall_speed_s": 1e-08,
  "dt_recommended_s": 5e-09,
  "dx_actual_m": 1e-05,
  "dx_target_m": 1e-05,
  "fnum": 420544728478.4123,
  "gas_constant_J_per_kgK": 208.2426847662142,
  "kinematic_viscosity_m2_per_s": 0.0019578772514611794,
  "kn": 0.001,
  "length_m": 0.01,
  "mach": 3.099060971370027,
  "mean_free_path_m": 1e-05,
  "momentum_diffusion_time_s": 0.05107572495945249,
  "nsteps_recommended": 1600000,
  "number_density_per_m3": 1.682178913913649e+23,
  "peclet": 3405.0483306301667,
  "physical_time_s": 0.008,
  "pressure_Pa": 696.7495905947898,
  "reynolds": 5107.57249594525,
  "sound_speed_m_per_s": 322.678388466143,
  "streamwise_length_m": 1e-05,
  "target_particles_per_cell": 40.0,
  "target_total_sim_particles": 40000.0,
  "temperature_K": 300.0,
  "thermal_diffusion_time_s": 0.034050483306301664,
  "thermal_diffusivity_m2_per_s": 0.0029368158771917686,
  "viscosity_Pa_s": 2.183590386255194e-05,
  "wall_speed_m_per_s": 1000.0,
  "xcells": 1000,
  "ycells": 1
}